input,output
What is the significance of Adichanallur in Tamil archaeology?,"Adichanallur is a significant archaeological site in Tamil Nadu, known for its prehistoric artifacts and burial grounds dating back to the Iron Age. Excavations at Adichanallur have revealed insights into the ancient culture, trade practices, and burial rituals of the region."
Explain the historical importance of the Sangam period.,"The Sangam period is a crucial phase in Tamil history, known for the Sangam literature and the flourishing of art, literature, and trade. It spanned from 3rd century BCE to 3rd century CE, showcasing the richness of Tamil culture and society during that era."
Where is the Mamallapuram Shore Temple located?,"The Shore Temple is situated in Mamallapuram (Mahabalipuram), a coastal town in Tamil Nadu. It is a UNESCO World Heritage Site and represents a significant example of Dravidian architecture. The temple complex includes beautiful sculptures and bas-reliefs dedicated to Lord Shiva."
What are the major findings at Keezhadi archaeological site?,"Keezhadi is known for its extensive archaeological excavations revealing the urban lifestyle of an ancient civilization. Discoveries include artifacts, pottery, and a well-planned layout, providing insights into the social and economic aspects of the people who lived there."
Can you elaborate on the Chola dynasty's contribution to art?,"The Chola dynasty, especially during the medieval period, made remarkable contributions to art and architecture. The Brihadeeswarar Temple in Thanjavur, built by Rajaraja Chola I, is a masterpiece of Chola architecture. The dynasty's patronage greatly influenced the development of Tamil art."
What is the significance of the Keezhadi archaeological site?,"The Keezhadi archaeological site is significant for its excavation revealing the remains of an ancient civilization, providing insights into the lifestyle, trade, and culture of the people who lived there during the Sangam period in Tamil Nadu."
Explain the architectural features of the Brihadeeswarar Temple.,"The Brihadeeswarar Temple, built by Rajaraja Chola I in Thanjavur, is known for its grandeur and architectural brilliance. It features a towering vimana, intricate sculptures, and a massive Nandi statue. The temple is a UNESCO World Heritage Site and a prime example of Chola architecture."
What role did the Chera dynasty play in Tamil archaeology?,"The Chera dynasty, one of the ancient Tamil dynasties, played a significant role in trade and maritime activities. Their contributions to commerce and cultural exchange with other regions are evident in archaeological findings along the ancient trade routes."
"Where is the ancient city of Madurai located, and what is its history?","Madurai, located in Tamil Nadu, is an ancient city known for its historical and cultural significance. The Meenakshi Amman Temple, a prominent landmark, reflects the city's rich heritage. Madurai has a history dating back over 2,500 years and is mentioned in ancient Tamil literature."
What are the key findings at the Arikamedu archaeological site?,"Arikamedu, near Puducherry, is an archaeological site known for its Roman trade connections. Excavations have revealed Roman artifacts, suggesting a thriving maritime trade between Arikamedu and the Roman Empire during the Sangam period."
Explain the cultural impact of the Pallava dynasty on Tamil Nadu.,"The Pallava dynasty, known for its patronage of art and architecture, left a lasting impact on Tamil culture. Mahabalipuram, with its rock-cut temples and sculptures, is a testament to Pallava artistry. The dynasty also contributed to the development of the Tamil script and literature."
What is the historical significance of the Tanjore Big Temple?,"The Tanjore Big Temple, officially known as the Brihadeeswarar Temple, is a symbol of Chola architectural prowess. Built by Rajaraja Chola I, it stands as a testimony to the cultural, religious, and engineering achievements of the Chola dynasty during the 11th century."
How did the Pandya dynasty contribute to Tamil Nadu's archaeology?,"The Pandya dynasty made substantial contributions to Tamil Nadu's archaeology, particularly in the areas of temple construction and literature. The Meenakshi Amman Temple in Madurai is an example of Pandya architecture, showcasing their cultural and religious influence."
What is the historical importance of the Kanchipuram temples?,"Kanchipuram, known as the ""City of Thousand Temples,"" holds historical significance due to its numerous temples built by various dynasties, including the Pallavas and Cholas. These temples are not only religious centers but also architectural marvels reflecting Tamil cultural heritage."
Can you elaborate on the excavation findings at Adichanallur?,"Adichanallur, an archaeological site in Tamil Nadu, has yielded valuable findings from the Iron Age. Burial urns, artifacts, and skeletal remains discovered at Adichanallur provide insights into the social, economic, and cultural aspects of the ancient inhabitants of the region."
"How did ancient Tamils engage in maritime trade, and what evidence exists?","Ancient Tamils were adept at maritime trade, as evidenced by archaeological finds at sites like Arikamedu. Roman artifacts, pottery, and amphorae discovered at these sites suggest a robust maritime trade network, showcasing the economic and cultural exchanges with foreign civilizations."
Explain the significance of the Sangam literature in Tamil archaeology.,"Sangam literature, composed during the Sangam period, is invaluable for understanding the cultural, social, and historical aspects of ancient Tamil society. It provides insights into trade, governance, and everyday life, serving as a vital source for Tamil archaeologists and historians."
Where can one find examples of rock-cut temples in Tamil Nadu?,"Tamil Nadu is home to several rock-cut temples, with Mahabalipuram being a notable location. The monolithic structures and cave temples at Mahabalipuram showcase the architectural brilliance of the Pallava dynasty. Other examples include the rock-cut temples in Trichy and Mamandur."
What are the characteristics of the pottery found at Kodumanal?,"Kodumanal, an archaeological site in Tamil Nadu, is known for its unique pottery. The pottery found here includes red and black ware with intricate designs, providing insights into the craftsmanship and artistic abilities of the people who lived in the region during ancient times."
How did the Chola navy contribute to Tamil Nadu's maritime history?,"The Chola navy, under the reign of Rajendra Chola I, played a crucial role in expanding maritime trade and influence. The Cholas established dominance in the Bay of Bengal, engaging in trade with Southeast Asian countries. This naval power contributed significantly to Tamil Nadu's maritime history."
What evidence supports the existence of ancient urban centers in Tamil Nadu?,"Archaeological excavations at sites like Keezhadi and Adichanallur have revealed the existence of well-planned urban centers in ancient Tamil Nadu. The presence of brick structures, streets, and artifacts suggests a sophisticated level of urbanization, challenging previous perceptions of early Tamil societies."
Explain the role of the Tamil script in preserving historical records.,"The development of the Tamil script has played a crucial role in preserving historical records. Inscriptions on temple walls, copper plates, and other artifacts written in Tamil script provide valuable information about rulers, dynasties, and significant events, contributing to the documentation of Tamil history."
What is the historical context of the Vaigai River in Tamil archaeology?,"The Vaigai River holds historical significance in Tamil archaeology, with ancient settlements and trade routes along its banks. Excavations near the Vaigai River, such as in Madurai, have revealed artifacts and structures that shed light on the cultural and economic activities of the region."
How did the trade routes through Tamil Nadu contribute to cultural exchange?,"Trade routes passing through Tamil Nadu, connecting with regions like the Roman Empire, Southeast Asia, and other parts of India, facilitated cultural exchange. Archaeological findings at Arikamedu and other sites include foreign artifacts, showcasing the diverse influences on Tamil culture during ancient times."
Explain the symbolism of the Nataraja sculpture in Tamil art.,"The Nataraja sculpture, depicting Lord Shiva in a cosmic dance pose, is a significant symbol in Tamil art. It represents the cosmic cycles of creation and destruction. The symbolism of Nataraja is deeply rooted in Hindu philosophy and has inspired artistic expressions across various forms in Tamil Nadu."
"What is the meaning of the ancient Tamil word ""அகம்"" (Aham)?","""அகம்"" (Aham) in ancient Tamil refers to the inner self or soul. It is often used to denote the consciousness or individuality within a person."
"Explain the significance of the term ""இராவணன்"" (Irāvaṇa) in Tamil.","""இராவணன்"" (Irāvaṇa) is a name associated with the mythological character Ravana from the Ramayana. It denotes the King of Lanka, known for his complex character and role in the epic."
"What does the ancient Tamil term ""யாழ்"" (Yāḻ) mean?","""யாழ்"" (Yāḻ) in ancient Tamil refers to the sea. It represents the vast expanse of water and is often used in literature to depict the beauty and awe-inspiring nature of the ocean."
"Define the ancient Tamil word ""காவி"" (Kāvi).","""காவி"" (Kāvi) in ancient Tamil refers to a poet or a person with poetic skills. It is a term used to describe those who excel in the art of composing verses and capturing emotions through words."
"What is the meaning of the term ""அகதி"" (Akati) in ancient Tamil?","""அகதி"" (Akati) in ancient Tamil refers to injustice or wrongful conduct. It is a term used to describe actions that go against moral and ethical principles, indicating a sense of wrongdoing."
"Explain the significance of the ancient Tamil word ""உழைந்திரு"" (Uzhaithiru).","""உழைந்திரு"" (Uzhaithiru) conveys the idea of perseverance or continuous effort in ancient Tamil. It encourages the concept of working diligently and persistently towards one's goals."
"What does the term ""புகழ்"" (Pugazh) signify in ancient Tamil?","""புகழ்"" (Pugazh) means fame or glory in ancient Tamil. It is a term associated with praise and honor, often used to express admiration for individuals who have achieved recognition or acclaim."
"Define the ancient Tamil word ""மகிழ்"" (Makil).","""மகிழ்"" (Makil) in ancient Tamil refers to joy or happiness. It is a term used to express a positive and elated"
"What does the Tamil phrase 'அகர முதல எழுத்தெல்லாம்' mean?""","""அகர முதல எழுத்தெல்லாம் ஆதி பகவன் முதற்றே உலகு"" - This phrase is the opening verse of Thirukkural, emphasizing the importance of the letter 'அ' (A), representing the divine."
"""Can you share a line from a classic Tamil poem?""","""என்னைத் தானே பெற்றாள் அவனுக்கு என் மனது நீங்கி, என் உயிரை பூரித்தாள்"" - A beautiful line expressing the deep connection and fulfillment in love, often found in classic Tamil poems."
"""Tell me a line from the poem 'குமரி காதல்'""","""உன்னை கண்டும் என் உள்ளது போல், நானும் நினைத்துப் பார்க்கின்றேன்"" - A romantic line from the poem 'குமரி காதல்' expressing the feeling of longing and reminiscence."
"""What is a famous line from 'கண்ணனின் காதலி'?""","""காதல் இல்லாத வீடு, கண்ணனின் காதலி"" - This famous line from the work 'கண்ணனின் காதலி' encapsulates the essence of the narrative, portraying a home without love and the beloved of Krishna."
"""Can you provide a line from a Tamil folk song?""","""ஆடுகள் பாடுதல் பரமம், இலைகள் பாடுதல் உலகு"" - A line from a Tamil folk song, celebrating the joyous nature of life and emphasizing the importance of singing and dancing."
"""Tell me a line from 'கண்ணின் பார்வை'?""","""அவன் கண்ணிலே உன் உயிர் வாழும்"" - A poetic line from 'கண்ணின் பார்வை', expressing the idea that one's soul lives in the eyes of the beloved, creating a profound connection."
"""What is a famous line from 'அக்னியின் அழகி'?""","""அக்னியின் அழகி நீ, உன் சிரிப்பைக் கேட்டேன் நானே"" - A notable line from 'அக்னியின் அழகி', expressing admiration for the beauty of Agni and the desire to hear her laughter."
"""Provide a line from 'மலரெனின் காதலி'.""","""காதலரே என்னைக் கொண்டு செல்ல, இந்நேரமும் உன் பொலியே"" - A line from 'மலரெனின் காதலி', conveying the call of love and the desire to be with the beloved at all times."
"""What is the message conveyed in Mahakavi Bharathiyar's 'காகித நாயகி'?""","""காகித நாயகி"" by Bharathiyar glorifies women and their role in society. It encourages women to be brave, educated, and play an active part in shaping the nation's destiny. The poem is a tribute to the empowerment of women and their contribution to social progress."
"""Tell me a line from the classic Tamil poem 'அகநானூறு' (Akananuru).""","""அகநானூறு"" is an ancient Sangam poem collection. A line from it might be, ""பூமி உள்ளம் குடியும் பொருளும் ஆகுமா?"" - raising questions about the connection between the land, its people, and their prosperity."
"""Provide a line from Subramania Bharati's 'சித்திரபூரி சிந்தாமணி'.""","""சித்திரபூரி சிந்தாமணி"" by Bharati is known for its philosophical depth. A line from it could be, ""சிந்தாமணி பெருமானை நீயும் பார்க்கும்"" - expressing the poet's contemplation on the universal essence."
"""What does the song 'தமிழ் தாய் வாழ்க' celebrate?""","The song 'தமிழ் தாய் வாழ்க' is a patriotic ode to the Tamil language and culture. It celebrates the richness of Tamil heritage, history, and the resilience of the Tamil people. The lyrics evoke a sense of pride and unity among Tamils."
"""Can you share a line from a Bharathidasan poem?""","Bharathidasan's poems often reflect social issues. A line might be, ""பூமி உன் கருவாயும் பூமிக் கடலும்"" - symbolizing the connection between the land and the ocean, emphasizing the unity of nature and its elements."
"""Tell me about the theme of 'உடையன் நாசானான்' (Udaiyan Nasan).""","""உடையன் நாசானான்"" is a classical Tamil work portraying the love between Udaiyan and Nasan. The theme revolves around the trials and tribulations faced by the lovers, emphasizing the intensity of their emotions and the challenges they overcome."
"""What is the central message in 'மகாகவி' (Mahakavi) by Subramania Bharati?""","""மகாகவி"" by Bharati reflects on the greatness of poetry and the poet's role in shaping society. It emphasizes the poet's responsibility to inspire, enlighten, and ignite positive change through their words. The poem is a tribute to the transformative power of poetry."
"""Provide a line from a Tamil folk song.""","Folk songs often focus on local themes. A line might be, ""ஊருக்கு எதிராக நான் போனான், காலுக்கு எதிராக கடல் போனான்"" - expressing the challenges faced by an individual against the village and the sea, reflecting the struggles of a folk protagonist."
"""What ancient artifacts have been found at Keezhadi?""","Excavations at Keezhadi have unearthed a variety of artifacts, including pottery, beads, iron implements, and skeletal remains. These findings provide insights into the cultural and social aspects of the people who lived in the region during the Sangam period."
"""Can you share details about the discoveries at Adichanallur?""","Adichanallur has yielded significant archaeological findings, including burial urns, pottery, and artifacts from the Iron Age. The site provides valuable information about the burial practices and material culture of the ancient inhabitants of Tamil Nadu."
"""What historical items were discovered in Arikamedu?""","Arikamedu is known for its Roman trade connections, and archaeological excavations have revealed Roman pottery, beads, and artifacts. These findings indicate a thriving maritime trade between Arikamedu and the Roman Empire during the Sangam period."
"""Tell me about the ancient items found in the Tanjore Big Temple.""","The Brihadeeswarar Temple in Tanjore, also known as the Tanjore Big Temple, is a UNESCO World Heritage Site. The temple houses ancient inscriptions, sculptures, and artifacts that showcase the architectural and artistic achievements of the Chola dynasty during the 11th century."
"""What have archaeologists discovered at Kodumanal?""","Kodumanal has revealed unique pottery with intricate designs, suggesting the artistic skills of the ancient inhabitants. Archaeologists have found evidence of an ancient urban center, trade activities, and a well-planned settlement, shedding light on the region's history."
"""What ancient items were found at the Madurai Meenakshi Temple?""","The Meenakshi Amman Temple in Madurai has seen archaeological excavations revealing various artifacts. These include inscriptions, sculptures, and religious objects, providing insights into the temple's history, architecture, and the cultural practices of the time."
"""Can you share details about the artifacts at Kanchipuram temples?""","Kanchipuram, known as the ""City of Thousand Temples,"" has numerous temples with ancient artifacts such as sculptures, inscriptions, and carvings. These items reflect the cultural and religious significance of Kanchipuram throughout different historical periods."
"""What have researchers found at the ancient city of Mamallapuram?""","Mamallapuram is renowned for its rock-cut temples and sculptures. Archaeological studies have unveiled ancient structures, inscriptions, and carvings that showcase the Pallava dynasty's architectural prowess and its contributions to Tamil art and culture."
"""Tell me about the archaeological discoveries at Uraiyur.""","Uraiyur, an ancient city near Tiruchirapalli, has revealed archaeological remains dating back to the Chola period. Discoveries include pottery, artifacts, and structures, shedding light on the urbanization and cultural practices of the region during ancient times."
"""What items have been unearthed at the archaeological site of Pattanam?""","Pattanam, located near Kochi, Kerala, has yielded Roman amphorae, pottery, beads, and other artifacts. These findings suggest a connection with ancient maritime trade routes and highlight the cosmopolitan nature of the region during different historical periods."
"What exhibits can I find at the Government Museum in Chennai?""","The Government Museum in Chennai houses a diverse range of exhibits, including archaeological artifacts, sculptures, numismatics, and art pieces. Visitors can explore sections dedicated to anthropology, geology, and zoology, providing a comprehensive view of Tamil Nadu's history."
"""Tell me about the special collections at the Thanjavur Art Gallery.""","The Thanjavur Art Gallery features a remarkable collection of bronze sculptures, paintings, and artifacts showcasing the rich cultural heritage of Tamil Nadu. It is renowned for its display of traditional Tanjore paintings and intricate artworks from the Chola period."
"""What is unique about the Raja Raja Chola Museum in Thanjavur?""","The Raja Raja Chola Museum in Thanjavur is dedicated to the Chola dynasty. It houses artifacts and exhibits related to Raja Raja Chola and his reign, providing insights into the art, culture, and architectural marvels of the Chola dynasty in Tamil Nadu."
"""Can you share information about the Pudukkottai Museum?""","The Pudukkottai Museum showcases artifacts from the princely state of Pudukkottai. It includes a wide range of items, such as sculptures, coins, weaponry, and manuscripts, offering a glimpse into the historical and cultural aspects of the region during different periods."
"""What exhibits can I explore at the DakshinaChitra Heritage Museum?""","DakshinaChitra Heritage Museum, near Chennai, focuses on South Indian heritage. Visitors can explore traditional homes, artifacts, and exhibits representing the diverse cultures of South India. The museum provides an immersive experience of the region's art, craft, and lifestyle."
"""Tell me about the archaeological artifacts at the Egmore Museum.""","The Egmore Museum in Chennai is one of the oldest museums in India. It houses a vast collection of archaeological artifacts, art pieces, and historical items. Notable exhibits include the Amaravati sculptures, ancient coins, and artifacts from various Tamil dynasties."
"""What can I learn from the exhibits at the Government Museum in Salem?""","The Government Museum in Salem features exhibits on anthropology, archaeology, numismatics, and art. Visitors can explore artifacts related to the tribal communities of Tamil Nadu, archaeological finds, and a diverse collection of art showcasing the region's cultural heritage."
"""Tell me about the maritime history exhibits at the Maritime Museum in Mamallapuram.""","The Maritime Museum in Mamallapuram focuses on India's maritime history. It displays maritime artifacts, navigational instruments, and exhibits related to seafaring activities. The museum offers insights into the maritime traditions and connections of the Tamil coastal region."
"""What is unique about the Folk Art Museum in Coimbatore?""","The Folk Art Museum in Coimbatore showcases traditional folk art forms from Tamil Nadu. Visitors can explore exhibits featuring folk paintings, sculptures, masks, and artifacts that represent the vibrant and diverse folk culture of the region."
"""Tell me about the bronze artifacts at the Government Museum in Coimbatore.""","The Government Museum in Coimbatore houses a significant collection of bronze artifacts, including sculptures and idols. These artifacts provide a glimpse into the artistic and cultural achievements of ancient Tamil civilizations, particularly during the Chola and Pandya periods."
What is the significance of Thirukkural in Tamil literature?,"Thirukkural, attributed to Thiruvalluvar, is a classic Tamil text covering ethical, political, and social principles. It's considered a masterpiece in Tamil literature."
"Who wrote the epic Silappathikaram, and what is its theme?","Ilango Adigal authored Silappathikaram, an epic narrative that revolves around the life of Kannagi and her tragic story of love, betrayal, and revenge."
Explain the role of Sangam literature in Tamil cultural history.,"Sangam literature, dating back to ancient times, reflects the cultural, social, and economic life of the Tamil people. It includes poems on love, war, and nature."
"What is the poetic form of Ainkurunuru, and what themes does it explore?","Ainkurunuru is a collection of 500 poems in the Akam genre, focusing on themes of love, longing, and relationships in ancient Tamil literature."
"Who is often referred to as ""Mahakavi"" in Tamil literature, and why?","Subramania Bharati is referred to as ""Mahakavi"" (Great Poet) for his impactful contributions to Tamil poetry, expressing patriotic, social, and philosophical themes."
Can you provide a line from the classical Tamil work Manimekalai?,"""மணிமேகலை"" is an epic by Seethalai Saathanar. A line from it is, ""ஆழி மாழி வீழ்வார் அழகும் பாம்புகளும்"" - describing the beauty of the ocean and the elephants."
"Who wrote the devotional hymn ""Tiruppavai,"" and what is its significance?","Andal, a 9th-century Tamil saint, wrote ""Tiruppavai."" It comprises 30 hymns praising Lord Krishna and is sung during the Tamil month of Margazhi for spiritual devotion."
"What is the main theme of Bharathiyar's poem ""பாரத நாடு"" (Bharatha Natu)?","The poem celebrates the beauty and diversity of India, emphasizing the empowerment of women and unity among its people."
"Explain the concept of ""Aham"" in ancient Tamil literature.","""Aham"" refers to the inner self or soul in ancient Tamil literature, representing the individual's consciousness and identity."
"What does the term ""Pugazh"" signify in ancient Tamil literature?","""Pugazh"" means fame or glory in ancient Tamil. It is associated with praise and honor, often expressing admiration for individuals achieving recognition."
What archaeological findings have been unearthed at Keezhadi?,"Excavations at Keezhadi have revealed artifacts such as pottery, beads, iron implements, and skeletal remains, offering insights into the Sangam period in Tamil history."
Can you share information about the ancient city of Adichanallur?,"Adichanallur has yielded burial urns, pottery, and artifacts from the Iron Age, providing valuable insights into burial practices and material culture in ancient Tamil Nadu."
Tell me about the Roman trade connections at Arikamedu.,"Arikamedu exhibits Roman pottery, beads, and artifacts, indicating a vibrant maritime trade between Arikamedu and the Roman Empire during the Sangam period in Tamil history."
What significant artifacts have been found at Kodumanal?,"Kodumanal has revealed unique pottery with intricate designs, indicating the artistic skills of its ancient inhabitants. Archaeologists have also discovered evidence of an ancient urban center."
Explain the archaeological significance of the Brihadeeswarar Temple.,"The Brihadeeswarar Temple in Tanjore is a UNESCO World Heritage Site, showcasing ancient inscriptions, sculptures, and artifacts that highlight the architectural achievements of the Chola dynasty."
What artifacts have been discovered at the ancient site of Mamallapuram?,"Mamallapuram is renowned for its rock-cut temples and sculptures. Archaeological studies have uncovered ancient structures, inscriptions, and carvings, showcasing the Pallava dynasty's contributions."
Can you share details about the artifacts found at Uraiyur?,"Uraiyur, an ancient city near Tiruchirapalli, has revealed artifacts dating back to the Chola period, providing insights into urbanization and cultural practices in ancient Tamil Nadu."
Tell me about the maritime history exhibits at the Maritime Museum in Mamallapuram.,"The Maritime Museum in Mamallapuram focuses on India's maritime history, displaying artifacts, navigational instruments, and exhibits related to seafaring activities in the Tamil coastal region."
What is the significance of the archaeological site of Pattanam?,"Pattanam, near Kochi, Kerala, has revealed Roman amphorae, pottery, beads, and artifacts, suggesting a connection with ancient maritime trade routes and showcasing the cosmopolitan nature of the region."
Explain the archaeological findings at the ancient city of Madurai.,"The ancient city of Madurai has archaeological excavations revealing various artifacts, inscriptions, sculptures, and religious objects, providing insights into the city's history and cultural practices."
What artifacts can be found at the Government Museum in Chennai?,"The Government Museum in Chennai houses a diverse range of artifacts, including archaeological finds, sculptures, numismatics, and art pieces, offering a comprehensive view of Tamil Nadu's history."
Tell me about the bronze artifacts at the Government Museum in Coimbatore.,"The Government Museum in Coimbatore features a significant collection of bronze artifacts, including sculptures and idols, showcasing the artistic and cultural achievements of ancient Tamil civilizations."
What exhibits can I explore at the DakshinaChitra Heritage Museum?,"DakshinaChitra Heritage Museum, near Chennai, focuses on South Indian heritage. Visitors can explore traditional homes, artifacts, and exhibits representing the diverse cultures of South India."
Explain the role of the Raja Raja Chola Museum in Thanjavur in preserving history.,"The Raja Raja Chola Museum in Thanjavur is dedicated to preserving artifacts and exhibits related to the Chola dynasty, offering valuable insights into the art, culture, and architectural marvels of the period."
What is unique about the Folk Art Museum in Coimbatore?,"The Folk Art Museum in Coimbatore showcases traditional folk art forms from Tamil Nadu, featuring exhibits of folk paintings, sculptures, masks, and artifacts representing the vibrant and diverse folk culture of the region."
What can I learn from the exhibits at the Government Museum in Salem?,"The Government Museum in Salem features exhibits on anthropology, archaeology, numismatics, and art. Visitors can explore artifacts related to the tribal communities of Tamil Nadu and a diverse collection showcasing the region's cultural heritage."
Can you share details about the special collections at the Thanjavur Art Gallery?,"The Thanjavur Art Gallery features a remarkable collection of bronze sculptures, paintings, and artifacts, highlighting the rich cultural heritage of Tamil Nadu, particularly known for its traditional Tanjore paintings."
What artifacts can be found at the Pudukkottai Museum?,"The Pudukkottai Museum showcases artifacts from the princely state of Pudukkottai, including sculptures, coins, weaponry, and manuscripts, providing a glimpse into the historical and cultural aspects of the region."
Tell me about the ancient items found at the Madurai Meenakshi Temple.,"The Meenakshi Amman Temple in Madurai has archaeological excavations revealing various artifacts, including inscriptions, sculptures, and religious objects, providing insights into the temple's history and cultural practices."
What exhibits can I find at the Folk Art Museum in Chennai?,"The Folk Art Museum in Chennai displays a rich collection of traditional folk art forms from Tamil Nadu, featuring exhibits of paintings, sculptures, masks, and artifacts that represent the diverse and vibrant folk culture of the region."
"Who composed the epic ""Manimekalai,"" and what is its theme?","Manimekalai is attributed to Chithalai Chathanar, and its theme revolves around the Buddhist teachings, exploring ethical and moral principles."
"What are the key themes in the Sangam poem ""Kurunthogai""?","Kurunthogai, a Sangam poem collection, primarily focuses on the theme of unrequited love, expressing the emotions of the poets in various situations."
"Can you provide a line from Bharathidasan's poem ""புதுக்கவிதை"" (Puthukkavithai)?","""புதுக்கவிதை"" by Bharathidasan expresses the poet's vision for a new era, emphasizing social reform and the creation of a just and equitable society."
"Who is the author of the classical Tamil work ""Tolkappiyam""?","Tolkappiyar is credited with the authorship of Tolkappiyam, an ancient Tamil grammar text that laid the foundation for Tamil linguistic and literary traditions."
"What is the literary significance of the epic ""Jivaka Chintamani""?","Jivaka Chintamani, attributed to Thiruthakkadevar, is a medieval Tamil epic known for its narrative complexity, poetic richness, and exploration of ethical dilemmas."
Explain the cultural importance of Pattuppattu in Tamil literature.,"Pattuppattu, part of Sangam literature, consists of ten poetic anthologies that celebrate the cultural, social, and literary heritage of ancient Tamil society."
"Can you provide a line from the devotional hymn ""Kandar Anubhuti""?","""Kandar Anubhuti,"" composed by Arunagirinathar, is a devotional hymn praising Lord Muruga. A line from it is, ""உடையானை உலகினும் அமையாதே."" - Describing the incomparable Lord."
"What is the main theme of ""Periya Puranam"" by Sekkizhar?","Periya Puranam is a hagiographic work by Sekkizhar, highlighting the lives and miracles of the sixty-three Saivite saints known as the Nayanars in Tamil Nadu."
"Explain the narrative of the epic ""Cilappatikaram"" by Ilango Adigal.","Cilappatikaram narrates the story of Kovalan and Kannagi, exploring themes of love, justice, and revenge in the context of the ancient Tamil city of Puhar."
"Who is known as the ""Bard of Poets"" in Tamil literature, and why?","Kambar is often referred to as the ""Bard of Poets"" for his extraordinary contributions to Tamil literature, including his epic Ramavataram, a retelling of the Ramayana."
Tell me about the archaeological findings at Manjuthidal.,"Manjuthidal has revealed ancient petroglyphs and rock art, providing insights into the prehistoric cultural practices and beliefs of the region."
What artifacts have been discovered at the ancient site of Kaveripakkam?,"Kaveripakkam has yielded Neolithic tools, pottery, and artifacts, indicating human habitation and early cultural developments in the region."
Can you share information about the archaeological site of Alagankulam?,"Alagankulam has archaeological remains dating back to the Iron Age, including pottery and artifacts, contributing to the understanding of ancient trade networks."
Explain the significance of the megalithic burials at Adichanallur.,"Adichanallur's megalithic burials contain valuable artifacts, skeletal remains, and pottery, offering insights into the burial practices and social structure of ancient Tamil Nadu."
What archaeological features characterize the ancient city of Madurai?,"The ancient city of Madurai has archaeological features like ancient temples, inscriptions, and artifacts, reflecting the historical and cultural development of the city."
Can you provide information about the excavations at Sivagalai?,"Sivagalai has revealed archaeological remains dating back to the Iron Age, including pottery and artifacts, contributing to the understanding of ancient settlements in Tamil Nadu."
Tell me about the rock-cut caves and sculptures at Pancha Pandava Malai.,"Pancha Pandava Malai features rock-cut caves with sculptures depicting the Pandava brothers from the Mahabharata, providing insights into ancient sculptural traditions."
Explain the archaeological significance of Sittanavasal.,"Sittanavasal is known for its Jain cave temple and ancient frescoes, providing a glimpse into the cultural and artistic achievements of the Jains during ancient times."
What have archaeological studies revealed about ancient Vellore?,"Archaeological studies in Vellore have uncovered ancient pottery, structures, and artifacts, contributing to the understanding of the region's historical and cultural developments."
Can you share information about the megalithic burials at Kodumanal?,"Kodumanal's megalithic burials contain artifacts and skeletal remains, offering insights into the burial practices and social dynamics of the ancient inhabitants of the region."
What artifacts can be found at the Government Museum in Pondicherry?,"The Government Museum in Pondicherry features a diverse collection of artifacts, including sculptures, pottery, and relics, offering insights into the cultural and historical heritage of the region."
Tell me about the ancient coins at the Numismatic Museum in Coimbatore.,"The Numismatic Museum in Coimbatore showcases a collection of ancient coins, offering a historical perspective on the currency systems and economic activities in ancient Tamil Nadu."
What ancient items can be explored at the Archaeological Museum in Kumbakonam?,"The Archaeological Museum in Kumbakonam displays artifacts, sculptures, and inscriptions, providing a comprehensive view of the region's historical and cultural development during ancient times."
Explain the significance of the ancient manuscripts at Saraswathi Mahal Library.,"The Saraswathi Mahal Library in Thanjavur houses ancient manuscripts, palm leaf writings, and rare texts, preserving the literary, cultural, and scientific knowledge of ancient Tamil Nadu."
What artifacts can be found at the Government Museum in Erode?,"The Government Museum in Erode features artifacts, sculptures, and archaeological finds, offering a glimpse into the history, art, and culture of the region during different historical periods."
Can you share information about the bronze idols at the Government Museum in Vellore?,"The Government Museum in Vellore houses a notable collection of bronze idols and artifacts, showcasing the artistic and religious traditions of ancient Tamil civilizations."
Tell me about the ancient items at the Tanjore Palace Museum.,"The Tanjore Palace Museum displays artifacts, paintings, and royal memorabilia, providing insights into the history and cultural richness of the Maratha rulers in Tamil Nadu."
Explain the cultural significance of the ancient masks at the Tribal Museum in Ooty.,The Tribal Museum in Ooty features ancient masks and artifacts representing the cultural diversity and traditional practices of the indigenous tribal communities in Tamil Nadu.
What ancient items can be explored at the Government Museum in Tiruchirapalli?,"The Government Museum in Tiruchirapalli showcases a variety of ancient items, including artifacts, sculptures, and numismatics, contributing to the understanding of the region's cultural and historical evolution."
Can you share information about the ancient pottery at the Kancheepuram Archaeological Museum?,"The Kancheepuram Archaeological Museum exhibits ancient pottery, sculptures, and artifacts, offering insights into the historical and cultural developments of Kancheepuram during ancient times."
